Instance_Name,Number_Of_Customers,Number_Of_Hotels,Objective_Value,Sum_of_Trips,Penalties,Hotel_Fees,Max_Trip_Length,Number_Of_Trips,Prize,Time,Trace
test,3,2,1280,480,800,0,480,1,1000,1.6927719116210938e-05,[1280, 1280]
test,3,2,1280,480,800,0,480,1,1000,0.0016236305236816406,[1280, 1280, 1280, 1280, 1280, 1280, 1280, 1280, 1280, 1280]
test,3,2,1280,480,800,0,480,1,1000,0.0015115737915039062,[1280, 1280, 1280, 1280, 1280, 1280, 1280, 1280, 1280, 1280]
test,3,2,1280,480,800,0,480,1,1000,0.0014879703521728516,[1280, 1280, 1280, 1280, 1280, 1280, 1280, 1280, 1280, 1280]
test,3,2,1280,480,800,0,480,1,1000,0.0011534690856933594,[1280, 1280, 1280, 1280, 1280, 1280, 1280, 1280, 1280, 1280]
