Instance_Name,Number_Of_Customers,Number_Of_Hotels,Objective_Value,Sum_of_Trips,Penalties,Hotel_Fees,Max_Trip_Length,Number_Of_Trips,Prize,Time,Trace
test,3,2,1280,480,800,0,480,1,1000,0.0002808570861816406,[1280, 1280, 1280, 1280, 1280, 1280, 1280, 1280, 1280, 1280]
test,3,2,1280,480,800,0,480,1,1000,0.00027823448181152344,[1280, 1280, 1280, 1280, 1280, 1280, 1280, 1280, 1280, 1280]
test,3,2,1280,480,800,0,480,1,1000,0.00032329559326171875,[1280, 1280, 1280, 1280, 1280, 1280, 1280, 1280, 1280, 1280]
