Instance_Name,Index,Number_Of_Customers,Number_Of_Hotels,Objective_Value,Sum_of_Trips,Penalties,Hotel_Fees,Max_Trip_Length,Number_Of_Trips,Prize,Time,Trace,procedure-type,alpha,beta,gamma,delta
test,0,3,2,1070,970,0,100,600,2,2000,0.0016095638275146484,[1070],backtracking,1,0.2,0.2,0.2
test,0,3,2,1070,970,0,100,600,2,2000,0.0016388893127441406,[1070],backtracking,1,0.2,0.2,0.2
test,0,3,2,1280,480,800,0,480,1,1000,6.747245788574219e-05,[1280],0.15331487068019,-1.5532574226213136,-0.8991995533777364,0.7815058747983974
test,0,3,2,1070,970,0,100,600,2,2000,0.00019812583923339844,[1070],1.3556845549398684,0.46909560566984676,0.5061923093827216,-0.6536154616242267
