Instance_Name,Number_Of_Customers,Number_Of_Hotels,Objective_Value,Sum_of_Trips,Penalties,Hotel_Fees,Max_Trip_Length,Number_Of_Trips,Prize,Time,Trace,initial_alphas,initial_betas,initial_gammas,initial_deltas,initial_values
rand_21,289,13,5536,2744,907,1885,306,11,11316,146.52989387512207,[7998, 6313, 6137, 5604, 6889, 7115, 5536, 6451, 5574, 6723],[0.23874418619730892, 1.5704310642772301, 0.391612241207333, 1.7040673500363348, 0.33274228732105127, 0.5784603595014565, 1.1405565690860326, 1.6868622671162805, 2.040798630851104, 0.4072972379824298],[0.42219939699146825, -0.23413005708356927, -0.7822964245042767, -0.3614890208753216, -1.831384639443254, -1.858893117444301, -1.467476306128527, 1.0883710739093528, -2.575508579875503, 0.31268984424568835],[0.3807759511226716, -4.086660793664377, -0.42760015555015934, -0.13498120324096502, -0.36733136675308375, 0.06909099341946046, -0.6631093980818465, 1.4932491184298233, -0.7714894522750959, -1.0780487013950237],[-1.407151320066632, -0.7287721720969409, 0.9501091244961114, 0.30458529249717137, -0.19026880048948636, -2.0932603656251745, 1.1913723506627254, 0.4429627602610523, -0.3580055983910335, 0.29348510934201305],[9733, 8129, 7170, 6517, 7845, 7572, 6354, 7705, 6453, 8387]
