Instance_Name,Number_Of_Customers,Number_Of_Hotels,Objective_Value,Sum_of_Trips,Penalties,Hotel_Fees,Max_Trip_Length,Number_Of_Trips,Prize,Time,Trace,initial_alphas,initial_betas,initial_gammas,initial_deltas,initial_values
test,3,2,1070,970,0,100,600,2,2000,0.028019428253173828,[1070, 1070, 1070, 1070, 1070, 1070, 1070, 1070, 1070, 1070],[1, 1, 1, 1, 1, 1, 1, 1, 1, 1],[0.2, 0.2, 0.2, 0.2, 0.2, 0.2, 0.2, 0.2, 0.2, 0.2],[0.2, 0.2, 0.2, 0.2, 0.2, 0.2, 0.2, 0.2, 0.2, 0.2],[0.2, 0.2, 0.2, 0.2, 0.2, 0.2, 0.2, 0.2, 0.2, 0.2],[1070, 1070, 1070, 1070, 1070, 1070, 1070, 1070, 1070, 1070]
test,3,2,1070,970,0,100,600,2,2000,0.028033971786499023,[1070, 1070, 1070, 1070, 1070, 1070, 1070, 1070, 1070, 1070],[1, 1, 1, 1, 1, 1, 1, 1, 1, 1],[0.2, 0.2, 0.2, 0.2, 0.2, 0.2, 0.2, 0.2, 0.2, 0.2],[0.2, 0.2, 0.2, 0.2, 0.2, 0.2, 0.2, 0.2, 0.2, 0.2],[0.2, 0.2, 0.2, 0.2, 0.2, 0.2, 0.2, 0.2, 0.2, 0.2],[1070, 1070, 1070, 1070, 1070, 1070, 1070, 1070, 1070, 1070]
